method,index,time_cost
kmeans,0.539342029849864,2.065826177597046
MBK,0.7085235597784013,0.1454169750213623
dbscan,0.715790917914731,3.3066978454589844
AC,0.5335877800828621,36.890419721603394