method,index,time_cost
kmeans,0.5604099604109835,26.5035662651062
MBK,0.6753740546685312,3.5353844165802
dbscan,0.7868609805921569,100.4924099445343
AC,0.5620805888888732,1068.4936814308167