method,index,time_cost
kmeans,0.5555732915424457,1.744283676147461
MBK,0.5549130186406303,0.1920304298400879
dbscan,0.7813369950256807,0.768563985824585
AC,0.572200766991944,4.94007134437561