method,index,time_cost
kmeans,0.5420321177591115,58.84668231010437
MBK,0.5426967273641138,8.195324182510376
dbscan,0.715858908600623,342.2562062740326
AC,0.6446135791513846,7336.224727392197